id;firstname;lastname;mail
1;Dulce;Alcott;Dulce.Alcott@yopmail.com
2;Sophia;Henebry;Sophia.Henebry@yopmail.com
3;Emma;Riva;Emma.Riva@yopmail.com
4;Shaine;Schroth;Shaine.Schroth@yopmail.com
5;Brietta;Ammann;Brietta.Ammann@yopmail.com
6;Meg;Ricarda;Meg.Ricarda@yopmail.com
7;Dawn;Delp;Dawn.Delp@yopmail.com
8;Jinny;Zuzana;Jinny.Zuzana@yopmail.com
9;Lonnie;Elo;Lonnie.Elo@yopmail.com
10;Kellen;Bandeen;Kellen.Bandeen@yopmail.com
11;Diena;Talia;Diena.Talia@yopmail.com
12;Heddie;Ortrude;Heddie.Ortrude@yopmail.com
13;Stephanie;Sekofski;Stephanie.Sekofski@yopmail.com
14;Alie;Socha;Alie.Socha@yopmail.com
15;Mamie;Bury;Mamie.Bury@yopmail.com
16;Shel;Roarke;Shel.Roarke@yopmail.com
17;Florencia;Billye;Florencia.Billye@yopmail.com
18;Tamqrah;Radu;Tamqrah.Radu@yopmail.com
19;Annecorinne;Rese;Annecorinne.Rese@yopmail.com
20;Laure;Susannah;Laure.Susannah@yopmail.com
21;Philis;Francyne;Philis.Francyne@yopmail.com
22;Lenna;Devlen;Lenna.Devlen@yopmail.com
23;Chastity;Hylan;Chastity.Hylan@yopmail.com
24;Edith;Phi;Edith.Phi@yopmail.com
25;Jorry;Read;Jorry.Read@yopmail.com
26;Ericka;Beebe;Ericka.Beebe@yopmail.com
27;Camile;Tybald;Camile.Tybald@yopmail.com
28;Alex;Goerke;Alex.Goerke@yopmail.com
29;Natka;Reinke;Natka.Reinke@yopmail.com
30;Celene;Reneta;Celene.Reneta@yopmail.com
31;Kial;Bakerman;Kial.Bakerman@yopmail.com
32;Jennica;Garlinda;Jennica.Garlinda@yopmail.com
33;Jemie;Rosette;Jemie.Rosette@yopmail.com
34;Phedra;Niccolo;Phedra.Niccolo@yopmail.com
35;Konstance;Chauncey;Konstance.Chauncey@yopmail.com
36;Mireielle;Konyn;Mireielle.Konyn@yopmail.com
37;Brandise;Nerita;Brandise.Nerita@yopmail.com
38;Julieta;Chobot;Julieta.Chobot@yopmail.com
39;Elie;Alejoa;Elie.Alejoa@yopmail.com
40;Maridel;Avi;Maridel.Avi@yopmail.com
41;Alyda;Hurley;Alyda.Hurley@yopmail.com
42;Yolane;Nisbet;Yolane.Nisbet@yopmail.com
43;Liana;Mott;Liana.Mott@yopmail.com
44;Phylis;Niccolo;Phylis.Niccolo@yopmail.com
45;Helena;Charmine;Helena.Charmine@yopmail.com
46;Priscilla;Rozanna;Priscilla.Rozanna@yopmail.com
47;Micheline;Avi;Micheline.Avi@yopmail.com
48;Rosanne;Uund;Rosanne.Uund@yopmail.com
49;Anica;Hashim;Anica.Hashim@yopmail.com
50;Amara;Eno;Amara.Eno@yopmail.com
51;Cassandra;Chapland;Cassandra.Chapland@yopmail.com
52;Bernie;Marcellus;Bernie.Marcellus@yopmail.com
53;Dede;Calhoun;Dede.Calhoun@yopmail.com
54;Rori;Kronfeld;Rori.Kronfeld@yopmail.com
55;Nanete;Keelia;Nanete.Keelia@yopmail.com
56;Lyssa;Amasa;Lyssa.Amasa@yopmail.com
57;Vere;Sabella;Vere.Sabella@yopmail.com
58;Dorothy;Dearborn;Dorothy.Dearborn@yopmail.com
59;Claudina;Decato;Claudina.Decato@yopmail.com
60;Cathyleen;Markman;Cathyleen.Markman@yopmail.com
61;Gerrie;Llovera;Gerrie.Llovera@yopmail.com
62;Sidoney;Bearnard;Sidoney.Bearnard@yopmail.com
63;Minda;Lilybelle;Minda.Lilybelle@yopmail.com
64;Darci;Infield;Darci.Infield@yopmail.com
65;Hildegaard;Brenn;Hildegaard.Brenn@yopmail.com
66;Dulcinea;Leary;Dulcinea.Leary@yopmail.com
67;Glynnis;Cadmar;Glynnis.Cadmar@yopmail.com
68;Emylee;Herrera;Emylee.Herrera@yopmail.com
69;Carly;Sasnett;Carly.Sasnett@yopmail.com
70;Diena;Connelly;Diena.Connelly@yopmail.com
71;Pearline;Randene;Pearline.Randene@yopmail.com
72;Gilda;Toffic;Gilda.Toffic@yopmail.com
73;Ira;Saree;Ira.Saree@yopmail.com
74;Lusa;Gabrielli;Lusa.Gabrielli@yopmail.com
75;Lindie;Leler;Lindie.Leler@yopmail.com
76;Claudina;Astra;Claudina.Astra@yopmail.com
77;Sara-Ann;Moseley;Sara-Ann.Moseley@yopmail.com
78;Adele;Bibi;Adele.Bibi@yopmail.com
79;Sharlene;Jary;Sharlene.Jary@yopmail.com
80;Leontine;Nea;Leontine.Nea@yopmail.com
81;Lanae;Georgy;Lanae.Georgy@yopmail.com
82;Cherilyn;Lubin;Cherilyn.Lubin@yopmail.com
83;Gloria;Erich;Gloria.Erich@yopmail.com
84;Celene;Eachern;Celene.Eachern@yopmail.com
85;Selma;Carey;Selma.Carey@yopmail.com
86;Kamilah;Saunderson;Kamilah.Saunderson@yopmail.com
87;Sonni;Moseley;Sonni.Moseley@yopmail.com
88;Deloria;Chesna;Deloria.Chesna@yopmail.com
89;Therine;Lunsford;Therine.Lunsford@yopmail.com
90;Marguerite;Louanna;Marguerite.Louanna@yopmail.com
91;Wanda;Gibbeon;Wanda.Gibbeon@yopmail.com
92;Laurene;Clarissa;Laurene.Clarissa@yopmail.com
93;Kary;Markman;Kary.Markman@yopmail.com
94;Annora;Lanita;Annora.Lanita@yopmail.com
95;Tiffie;Aurelio;Tiffie.Aurelio@yopmail.com
96;Romona;Amasa;Romona.Amasa@yopmail.com
97;Pollyanna;Tatianas;Pollyanna.Tatianas@yopmail.com
98;Trixi;Thunell;Trixi.Thunell@yopmail.com
99;Edyth;Wiener;Edyth.Wiener@yopmail.com
100;Imojean;Juan;Imojean.Juan@yopmail.com
101;Testfirstname;Testlastname;Testfirstname.Testlastname@yopmail.com
102;Testfirstname;Testlastname;Testfirstname.Testlastname@yopmail.com
103;Testfirstname;Testlastname;Testfirstname.Testlastname@yopmail.com
104;Testfirstname;Testlastname;Testfirstname.Testlastname@yopmail.com
105;Testfirstname;Testlastname;Testfirstname.Testlastname@yopmail.com
106;Testfirstname;Testlastname;Testfirstname.Testlastname@yopmail.com
107;Testfirstname;Testlastname;Testfirstname.Testlastname@yopmail.com
108;Testfirstname;Testlastname;Testfirstname.Testlastname@yopmail.com
109;Testfirstname;Testlastname;Testfirstname.Testlastname@yopmail.com
110;Testfirstname;Testlastname;Testfirstname.Testlastname@yopmail.com
111;Testfirstname;Testlastname;Testfirstname.Testlastname@yopmail.com
112;Testfirstname;Testlastname;Testfirstname.Testlastname@yopmail.com
113;Testfirstname;Testlastname;Testfirstname.Testlastname@yopmail.com
114;Testfirstname;Testlastname;Testfirstname.Testlastname@yopmail.com
115;Testfirstname;Testlastname;Testfirstname.Testlastname@yopmail.com
116;Testfirstname;Testlastname;Testfirstname.Testlastname@yopmail.com
117;Testfirstname;Testlastname;Testfirstname.Testlastname@yopmail.com
118;Testfirstname;Testlastname;Testfirstname.Testlastname@yopmail.com
119;Testfirstname;Testlastname;Testfirstname.Testlastname@yopmail.com
120;Testfirstname;Testlastname;Testfirstname.Testlastname@yopmail.com